Rank,Word,PoS
1,the,a
2,be,v
3,and,c
4,of,i
5,a,a
6,in,i
7,to,t
8,have,v
9,to,i
10,it,p
11,I,p
12,that,c
13,for,i
14,you,p
15,he,p
16,with,i
17,on,i
18,do,v
19,say,v
20,this,d
21,they,p
22,at,i
23,but,c
24,we,p
25,his,a
26,from,i
27,that,d
28,not,x
29,n't,x
30,by,i
31,she,p
32,or,c
33,as,c
34,what,d
35,go,v
36,their,a
37,can,v
38,who,p
39,get,v
40,if,c
41,would,v
42,her,a
43,all,d
44,my,a
45,make,v
46,about,i
47,know,v
48,will,v
49,as,i
50,up,r
51,one,m
52,time,n
53,there,e
54,year,n
55,so,r
56,think,v
57,when,c
58,which,d
59,them,p
60,some,d
61,me,p
62,people,n
63,take,v
64,out,r
65,into,i
66,just,r
67,see,v
68,him,p
69,your,a
70,come,v
71,could,v
72,now,r
73,than,c
74,like,i
75,other,j
76,how,r
77,then,r
78,its,a
79,our,a
80,two,m
81,more,r
82,these,d
83,want,v
84,way,n
85,look,v
86,first,m
87,also,r
88,new,j
89,because,c
90,day,n
91,more,d
92,use,v
93,no,a
94,man,n
95,find,v
96,here,r
97,thing,n
98,give,v
99,many,d
100,well,r
101,only,r
102,those,d
103,tell,v
104,one,p
105,very,r
106,her,p
107,even,r
108,back,r
109,any,d
110,good,j
111,woman,n
112,through,i
113,us,p
114,life,n
115,child,n
116,there,r
117,work,v
118,down,r
119,may,v
120,after,i
121,should,v
122,call,v
123,world,n
124,over,i
125,school,n
126,still,r
127,try,v
128,in,r
129,as,r
130,last,m
131,ask,v
132,need,v
133,too,r
134,feel,v
135,three,m
136,when,r
137,state,n
138,never,r
139,become,v
140,between,i
141,high,j
142,really,r
143,something,p
144,most,r
145,another,d
146,much,d
147,family,n
148,own,d
149,out,i
150,leave,v
151,put,v
152,old,j
153,while,c
154,mean,v
155,on,r
156,keep,v
157,student,n
158,why,r
159,let,v
160,great,j
161,same,d
162,big,j
163,group,n
164,begin,v
165,seem,v
166,country,n
167,help,v
168,talk,v
169,where,c
170,turn,v
171,problem,n
172,every,a
173,start,v
174,hand,n
175,might,v
176,American,j
177,show,v
178,part,n
179,about,r
180,against,i
181,place,n
182,over,r
183,such,d
184,again,r
185,few,d
186,case,n
187,most,d
188,week,n
189,company,n
190,where,r
191,system,n
192,each,d
193,right,r
194,program,n
195,hear,v
196,so,c
197,question,n
198,during,i
199,work,n
200,play,v
201,government,n
202,run,v
203,small,j
204,number,n
205,off,r
206,always,r
207,move,v
208,like,v
209,night,n
210,live,v
211,Mr,n
212,point,n
213,believe,v
214,hold,v
215,today,r
216,bring,v
217,happen,v
218,next,m
219,without,i
220,before,i
221,large,j
222,all,r
223,million,m
224,must,v
225,home,n
226,under,i
227,water,n
228,room,n
229,write,v
230,mother,n
231,area,n
232,national,j
233,money,n
234,story,n
235,young,j
236,fact,n
237,month,n
238,different,j
239,lot,n
240,right,n
241,study,n
242,book,n
243,eye,n
244,job,n
245,word,n
246,though,c
247,business,n
248,issue,n
249,side,n
250,kind,n
251,four,m
252,head,n
253,far,r
254,black,j
255,long,j
256,both,d
257,little,j
258,house,n
259,yes,u
260,after,c
261,since,c
262,long,r
263,provide,v
264,service,n
265,around,i
266,friend,n
267,important,j
268,father,n
269,sit,v
270,away,r
271,until,c
272,power,n
273,hour,n
274,game,n
275,often,r
276,yet,r
277,line,n
278,political,j
279,end,n
280,among,i
281,ever,r
282,stand,v
283,bad,j
284,lose,v
285,however,r
286,member,n
287,pay,v
288,law,n
289,meet,v
290,car,n
291,city,n
292,almost,r
293,include,v
294,continue,v
295,set,v
296,later,r
297,community,n
298,much,r
299,name,n
300,five,m
301,once,r
302,white,j
303,least,r
304,president,n
305,learn,v
306,real,j
307,change,v
308,team,n
309,minute,n
310,best,j
311,several,d
312,idea,n
313,kid,n
314,body,n
315,information,n
316,nothing,p
317,ago,r
318,right,j
319,lead,v
320,social,j
321,understand,v
322,whether,c
323,back,n
324,watch,v
325,together,r
326,follow,v
327,around,r
328,parent,n
329,only,j
330,stop,v
331,face,n
332,anything,p
333,create,v
334,public,j
335,already,r
336,speak,v
337,others,n
338,read,v
339,level,n
340,allow,v
341,add,v
342,office,n
343,spend,v
344,door,n
345,health,n
346,person,n
347,art,n
348,sure,j
349,such,i
350,war,n
351,history,n
352,party,n
353,within,i
354,grow,v
355,result,n
356,open,v
357,change,n
358,morning,n
359,walk,v
360,reason,n
361,low,j
362,win,v
363,research,n
364,girl,n
365,guy,n
366,early,j
367,food,n
368,before,c
369,moment,n
370,himself,p
371,air,n
372,teacher,n
373,force,n
374,offer,v
375,enough,r
376,both,r
377,education,n
378,across,i
379,although,c
380,remember,v
381,foot,n
382,second,m
383,boy,n
384,maybe,r
385,toward,i
386,able,j
387,age,n
388,off,i
389,policy,n
390,everything,p
391,love,v
392,process,n
393,music,n
394,including,i
395,consider,v
396,appear,v
397,actually,r
398,buy,v
399,probably,r
400,human,j
401,wait,v
402,serve,v
403,market,n
404,die,v
405,send,v
406,expect,v
407,home,r
408,sense,n
409,build,v
410,stay,v
411,fall,v
412,oh,u
413,nation,n
414,plan,n
415,cut,v
416,college,n
417,interest,n
418,death,n
419,course,r
420,someone,p
421,experience,n
422,behind,i
423,reach,v
424,local,j
425,kill,v
426,six,m
427,remain,v
428,effect,n
429,use,n
430,yeah,u
431,suggest,v
432,class,n
433,control,n
434,raise,v
435,care,n
436,perhaps,r
437,little,r
438,late,j
439,hard,j
440,field,n
441,else,r
442,pass,v
443,former,d
444,sell,v
445,major,j
446,sometimes,r
447,require,v
448,along,i
449,development,n
450,themselves,p
451,report,v
452,role,n
453,better,j
454,economic,j
455,effort,n
456,up,i
457,decide,v
458,rate,n
459,strong,j
460,possible,j
461,heart,n
462,drug,n
463,show,n
464,leader,n
465,light,n
466,voice,n
467,wife,n
468,whole,j
469,police,n
470,mind,n
471,finally,r
472,pull,v
473,return,v
474,free,j
475,military,j
476,price,n
477,report,n
478,less,r
479,according,i
480,decision,n
481,explain,v
482,son,n
483,hope,v
484,even,c
485,develop,v
486,view,n
487,relationship,n
488,carry,v
489,town,n
490,road,n
491,drive,v
492,arm,n
493,true,j
494,federal,j
495,break,v
496,better,r
497,difference,n
498,thank,v
499,receive,v
500,value,n
501,international,j
502,building,n
503,action,n
504,full,j
505,model,n
506,join,v
507,season,n
508,society,n
509,because,i
510,tax,n
511,director,n
512,early,r
513,position,n
514,player,n
515,agree,v
516,especially,r
517,record,n
518,pick,v
519,wear,v
520,paper,n
521,special,j
522,space,n
523,ground,n
524,form,n
525,support,v
526,event,n
527,official,n
528,whose,d
529,matter,n
530,everyone,p
531,center,n
532,couple,n
533,site,n
534,end,v
535,project,n
536,hit,v
537,base,v
538,activity,n
539,star,n
540,table,n
541,need,n
542,court,n
543,produce,v
544,eat,v
545,American,n
546,teach,v
547,oil,n
548,half,d
549,situation,n
550,easy,j
551,cost,n
552,industry,n
553,figure,n
554,face,v
555,street,n
556,image,n
557,itself,p
558,phone,n
559,either,r
560,data,n
561,cover,v
562,quite,r
563,picture,n
564,clear,j
565,practice,n
566,piece,n
567,land,n
568,recent,j
569,describe,v
570,product,n
571,doctor,n
572,wall,n
573,patient,n
574,worker,n
575,news,n
576,test,n
577,movie,n
578,certain,j
579,north,n
580,love,n
581,personal,j
582,open,j
583,support,n
584,simply,r
585,third,m
586,technology,n
587,catch,v
588,step,n
589,baby,n
590,computer,n
591,type,n
592,attention,n
593,draw,v
594,film,n
595,Republican,n
596,tree,n
597,source,n
598,red,j
599,nearly,r
600,organization,n
601,choose,v
602,cause,v
603,hair,n
604,look,n
605,point,v
606,century,n
607,evidence,n
608,window,n
609,difficult,j
610,listen,v
611,soon,r
612,culture,n
613,billion,m
614,chance,n
615,brother,n
616,energy,n
617,period,n
618,course,n
619,summer,n
620,less,d
621,realize,v
622,hundred,m
623,available,j
624,plant,n
625,likely,j
626,opportunity,n
627,term,n
628,short,j
629,letter,n
630,condition,n
631,choice,n
632,place,v
633,single,j
634,rule,n
635,daughter,n
636,administration,n
637,south,n
638,husband,n
639,Congress,n
640,floor,n
641,campaign,n
642,material,n
643,population,n
644,well,i
645,call,n
646,economy,n
647,medical,j
648,hospital,n
649,church,n
650,close,v
651,thousand,m
652,risk,n
653,current,j
654,fire,n
655,future,n
656,wrong,j
657,involve,v
658,defense,n
659,anyone,p
660,increase,v
661,security,n
662,bank,n
663,myself,p
664,certainly,r
665,west,n
666,sport,n
667,board,n
668,seek,v
669,per,i
670,subject,n
671,officer,n
672,private,j
673,rest,n
674,behavior,n
675,deal,v
676,performance,n
677,fight,v
678,throw,v
679,top,n
680,quickly,r
681,past,j
682,goal,n
683,second,n
684,bed,n
685,order,n
686,author,n
687,fill,v
688,represent,v
689,focus,v
690,foreign,j
691,drop,v
692,plan,v
693,blood,n
694,upon,i
695,agency,n
696,push,v
697,nature,n
698,color,n
699,no,r
700,recently,r
701,store,n
702,reduce,v
703,sound,n
704,note,v
705,fine,j
706,before,r
707,near,i
708,movement,n
709,page,n
710,enter,v
711,share,v
712,than,i
713,common,j
714,poor,j
715,other,p
716,natural,j
717,race,n
718,concern,n
719,series,n
720,significant,j
721,similar,j
722,hot,j
723,language,n
724,each,p
725,usually,r
726,response,n
727,dead,j
728,rise,v
729,animal,n
730,factor,n
731,decade,n
732,article,n
733,shoot,v
734,east,n
735,save,v
736,seven,m
737,artist,n
738,away,i
739,scene,n
740,stock,n
741,career,n
742,despite,i
743,central,j
744,eight,m
745,thus,r
746,treatment,n
747,beyond,i
748,happy,j
749,exactly,r
750,protect,v
751,approach,n
752,lie,v
753,size,n
754,dog,n
755,fund,n
756,serious,j
757,occur,v
758,media,n
759,ready,j
760,sign,n
761,thought,n
762,list,n
763,individual,n
764,simple,j
765,quality,n
766,pressure,n
767,accept,v
768,answer,n
769,hard,r
770,resource,n
771,identify,v
772,left,j
773,meeting,n
774,determine,v
775,prepare,v
776,disease,n
777,whatever,d
778,success,n
779,argue,v
780,cup,n
781,particularly,r
782,amount,n
783,ability,n
784,staff,n
785,recognize,v
786,indicate,v
787,character,n
788,growth,n
789,loss,n
790,degree,n
791,wonder,v
792,attack,n
793,herself,p
794,region,n
795,television,n
796,box,n
797,TV,n
798,training,n
799,pretty,r
800,trade,n
801,deal,n
802,election,n
803,everybody,p
804,physical,j
805,lay,v
806,general,j
807,feeling,n
808,standard,n
809,bill,n
810,message,n
811,fail,v
812,outside,i
813,arrive,v
814,analysis,n
815,benefit,n
816,name,v
817,sex,n
818,forward,r
819,lawyer,n
820,present,v
821,section,n
822,environmental,j
823,glass,n
824,answer,v
825,skill,n
826,sister,n
827,PM,r
828,professor,n
829,operation,n
830,financial,j
831,crime,n
832,stage,n
833,ok,r
834,compare,v
835,authority,n
836,miss,v
837,design,n
838,sort,n
839,one,n
840,act,v
841,ten,m
842,knowledge,n
843,gun,n
844,station,n
845,blue,j
846,state,v
847,strategy,n
848,little,d
849,clearly,r
850,discuss,v
851,indeed,r
852,force,v
853,truth,n
854,song,n
855,example,n
856,democratic,j
857,check,v
858,environment,n
859,leg,n
860,dark,j
861,public,n
862,various,j
863,rather,r
864,laugh,v
865,guess,v
866,executive,n
867,set,n
868,study,v
869,prove,v
870,hang,v
871,entire,j
872,rock,n
873,design,v
874,enough,d
875,forget,v
876,since,i
877,claim,v
878,note,n
879,remove,v
880,manager,n
881,help,n
882,close,j
883,sound,v
884,enjoy,v
885,network,n
886,legal,j
887,religious,j
888,cold,j
889,form,v
890,final,j
891,main,j
892,science,n
893,green,j
894,memory,n
895,card,n
896,above,i
897,seat,n
898,cell,n
899,establish,v
900,nice,j
901,trial,n
902,expert,n
903,that,r
904,spring,n
905,firm,n
906,Democrat,n
907,radio,n
908,visit,v
909,management,n
910,care,v
911,avoid,v
912,imagine,v
913,tonight,r
914,huge,j
915,ball,n
916,no,u
917,close,r
918,finish,v
919,yourself,p
920,talk,n
921,theory,n
922,impact,n
923,respond,v
924,statement,n
925,maintain,v
926,charge,n
927,popular,j
928,traditional,j
929,onto,i
930,reveal,v
931,direction,n
932,weapon,n
933,employee,n
934,cultural,j
935,contain,v
936,peace,n
937,head,v
938,control,v
939,base,n
940,pain,n
941,apply,v
942,play,n
943,measure,n
944,wide,j
945,shake,v
946,fly,v
947,interview,n
948,manage,v
949,chair,n
950,fish,n
951,particular,j
952,camera,n
953,structure,n
954,politics,n
955,perform,v
956,bit,n
957,weight,n
958,suddenly,r
959,discover,v
960,candidate,n
961,top,j
962,production,n
963,treat,v
964,trip,n
965,evening,n
966,affect,v
967,inside,i
968,conference,n
969,unit,n
970,best,r
971,style,n
972,adult,n
973,worry,v
974,range,n
975,mention,v
976,rather,i
977,far,j
978,deep,j
979,past,n
980,edge,n
981,individual,j
982,specific,j
983,writer,n
984,trouble,n
985,necessary,j
986,throughout,i
987,challenge,n
988,fear,n
989,shoulder,n
990,institution,n
991,middle,j
992,sea,n
993,dream,n
994,bar,n
995,beautiful,j
996,property,n
997,instead,r
998,improve,v
999,stuff,n
1000,detail,n
1001,method,n
1002,sign,v
1003,somebody,p
1004,magazine,n
1005,hotel,n
1006,soldier,n
1007,reflect,v
1008,heavy,j
1009,sexual,j
1010,cause,n
1011,bag,n
1012,heat,n
1013,fall,n
1014,marriage,n
1015,tough,j
1016,sing,v
1017,surface,n
1018,purpose,n
1019,exist,v
1020,pattern,n
1021,whom,p
1022,skin,n
1023,agent,n
1024,owner,n
1025,machine,n
1026,gas,n
1027,down,i
1028,ahead,r
1029,generation,n
1030,commercial,j
1031,address,v
1032,cancer,n
1033,test,v
1034,item,n
1035,reality,n
1036,coach,n
1037,step,v
1038,Mrs,n
1039,yard,n
1040,beat,v
1041,violence,n
1042,total,j
1043,tend,v
1044,investment,n
1045,discussion,n
1046,finger,n
1047,garden,n
1048,notice,v
1049,collection,n
1050,modern,j
1051,task,n
1052,partner,n
1053,positive,j
1054,civil,j
1055,kitchen,n
1056,consumer,n
1057,shot,n
1058,budget,n
1059,wish,v
1060,painting,n
1061,scientist,n
1062,safe,j
1063,agreement,n
1064,capital,n
1065,mouth,n
1066,nor,c
1067,victim,n
1068,newspaper,n
1069,instead,i
1070,threat,n
1071,responsibility,n
1072,smile,v
1073,attorney,n
1074,score,n
1075,account,n
1076,interesting,j
1077,break,n
1078,audience,n
1079,rich,j
1080,dinner,n
1081,figure,v
1082,vote,n
1083,western,j
1084,relate,v
1085,travel,v
1086,debate,n
1087,prevent,v
1088,citizen,n
1089,majority,n
1090,none,p
1091,front,i
1092,born,v
1093,admit,v
1094,senior,j
1095,assume,v
1096,wind,n
1097,key,j
1098,professional,j
1099,mission,n
1100,fast,r
1101,alone,r
1102,customer,n
1103,suffer,v
1104,speech,n
1105,successful,j
1106,option,n
1107,participant,n
1108,southern,j
1109,fresh,j
1110,eventually,r
1111,no,p
1112,forest,n
1113,video,n
1114,global,j
1115,Senate,n
1116,reform,n
1117,access,n
1118,restaurant,n
1119,judge,n
1120,publish,v
1121,cost,v
1122,relation,n
1123,like,c
1124,release,v
1125,own,v
1126,bird,n
1127,opinion,n
1128,credit,n
1129,critical,j
1130,corner,n
1131,concerned,j
1132,recall,v
1133,version,n
1134,stare,v
1135,safety,n
1136,effective,j
1137,neighborhood,n
1138,original,j
1139,act,n
1140,troop,n
1141,income,n
1142,directly,r
1143,hurt,v
1144,species,n
1145,immediately,r
1146,track,n
1147,basic,j
1148,strike,v
1149,hope,n
1150,sky,n
1151,freedom,n
1152,absolutely,r
1153,plane,n
1154,nobody,p
1155,achieve,v
1156,object,n
1157,attitude,n
1158,labor,n
1159,refer,v
1160,concept,n
1161,client,n
1162,powerful,j
1163,perfect,j
1164,nine,m
1165,therefore,r
1166,conduct,v
1167,announce,v
1168,conversation,n
1169,examine,v
1170,touch,v
1171,please,r
1172,attend,v
1173,completely,r
1174,vote,v
1175,variety,n
1176,sleep,v
1177,turn,n
1178,involved,j
1179,investigation,n
1180,nuclear,j
1181,researcher,n
1182,press,n
1183,conflict,n
1184,spirit,n
1185,experience,v
1186,replace,v
1187,British,j
1188,encourage,v
1189,argument,n
1190,by,r
1191,once,c
1192,camp,n
1193,brain,n
1194,feature,n
1195,afternoon,n
1196,AM,r
1197,weekend,n
1198,dozen,m
1199,possibility,n
1200,along,r
1201,insurance,n
1202,department,n
1203,battle,n
1204,beginning,n
1205,date,n
1206,generally,r
1207,African,j
1208,very,j
1209,sorry,j
1210,crisis,n
1211,complete,v
1212,fan,n
1213,stick,v
1214,define,v
1215,easily,r
1216,through,r
1217,hole,n
1218,element,n
1219,vision,n
1220,status,n
1221,normal,j
1222,Chinese,j
1223,ship,n
1224,solution,n
1225,stone,n
1226,slowly,r
1227,scale,n
1228,bit,r
1229,university,n
1230,introduce,v
1231,driver,n
1232,attempt,n
1233,park,n
1234,spot,n
1235,lack,n
1236,ice,n
1237,boat,n
1238,drink,v
1239,sun,n
1240,front,j
1241,distance,n
1242,wood,n
1243,handle,v
1244,truck,n
1245,return,n
1246,mountain,n
1247,survey,n
1248,supposed,j
1249,tradition,n
1250,winter,n
1251,village,n
1252,Soviet,j
1253,refuse,v
1254,sales,n
1255,roll,v
1256,communication,n
1257,run,n
1258,screen,n
1259,gain,v
1260,resident,n
1261,hide,v
1262,gold,n
1263,club,n
1264,future,j
1265,farm,n
1266,potential,j
1267,increase,n
1268,middle,n
1269,European,j
1270,presence,n
1271,independent,j
1272,district,n
1273,shape,n
1274,reader,n
1275,Ms,n
1276,contract,n
1277,crowd,n
1278,Christian,j
1279,express,v
1280,apartment,n
1281,willing,j
1282,strength,n
1283,previous,j
1284,band,n
1285,obviously,r
1286,horse,n
1287,interested,j
1288,target,n
1289,prison,n
1290,ride,v
1291,guard,n
1292,terms,i
1293,demand,n
1294,reporter,n
1295,deliver,v
1296,text,n
1297,share,n
1298,tool,n
1299,wild,j
1300,vehicle,n
1301,observe,v
1302,flight,n
1303,inside,r
1304,facility,n
1305,understanding,n
1306,average,j
1307,emerge,v
1308,advantage,n
1309,quick,j
1310,light,j
1311,leadership,n
1312,earn,v
1313,pound,n
1314,basis,n
1315,bright,j
1316,operate,v
1317,guest,n
1318,sample,n
1319,contribute,v
1320,tiny,j
1321,block,n
1322,protection,n
1323,settle,v
1324,feed,v
1325,collect,v
1326,additional,j
1327,while,n
1328,highly,r
1329,identity,n
1330,title,n
1331,mostly,r
1332,lesson,n
1333,faith,n
1334,river,n
1335,promote,v
1336,living,n
1337,present,j
1338,count,v
1339,unless,c
1340,marry,v
1341,tomorrow,r
1342,technique,n
1343,path,n
1344,ear,n
1345,shop,n
1346,folk,n
1347,order,v
1348,principle,n
1349,survive,v
1350,lift,v
1351,border,n
1352,competition,n
1353,jump,v
1354,gather,v
1355,limit,v
1356,fit,v
1357,claim,n
1358,cry,v
1359,equipment,n
1360,worth,i
1361,associate,v
1362,critic,n
1363,warm,j
1364,aspect,n
1365,result,v
1366,insist,v
1367,failure,n
1368,annual,j
1369,French,j
1370,Christmas,n
1371,comment,n
1372,responsible,j
1373,affair,n
1374,approach,v
1375,until,i
1376,procedure,n
1377,regular,j
1378,spread,v
1379,chairman,n
1380,baseball,n
1381,soft,j
1382,ignore,v
1383,egg,n
1384,measure,v
1385,belief,n
1386,demonstrate,v
1387,anybody,p
1388,murder,n
1389,gift,n
1390,religion,n
1391,review,n
1392,editor,n
1393,past,i
1394,engage,v
1395,coffee,n
1396,document,n
1397,speed,n
1398,cross,v
1399,influence,n
1400,anyway,r
1401,threaten,v
1402,commit,v
1403,female,j
1404,youth,n
1405,wave,n
1406,move,n
1407,afraid,j
1408,quarter,n
1409,background,n
1410,native,j
1411,broad,j
1412,wonderful,j
1413,deny,v
1414,apparently,r
1415,slightly,r
1416,reaction,n
1417,twice,r
1418,suit,n
1419,perspective,n
1420,growing,j
1421,blow,v
1422,construction,n
1423,kind,r
1424,intelligence,n
1425,destroy,v
1426,cook,v
1427,connection,n
1428,charge,v
1429,burn,v
1430,shoe,n
1431,view,v
1432,grade,n
1433,context,n
1434,committee,n
1435,hey,u
1436,mistake,n
1437,focus,n
1438,smile,n
1439,location,n
1440,clothes,n
1441,Indian,j
1442,quiet,j
1443,dress,v
1444,promise,v
1445,aware,j
1446,neighbor,n
1447,complete,j
1448,drive,n
1449,function,n
1450,bone,n
1451,active,j
1452,extend,v
1453,chief,j
1454,average,n
1455,combine,v
1456,wine,n
1457,below,r
1458,cool,j
1459,voter,n
1460,mean,n
1461,demand,v
1462,learning,n
1463,bus,n
1464,hell,n
1465,dangerous,j
1466,remind,v
1467,moral,j
1468,United,j
1469,category,n
1470,relatively,r
1471,victory,n
1472,key,n
1473,academic,j
1474,visit,n
1475,Internet,n
1476,healthy,j
1477,fire,v
1478,negative,j
1479,following,j
1480,historical,j
1481,medicine,n
1482,tour,n
1483,depend,v
1484,photo,n
1485,finding,n
1486,grab,v
1487,direct,j
1488,classroom,n
1489,contact,n
1490,justice,n
1491,participate,v
1492,daily,j
1493,fair,j
1494,pair,n
1495,famous,j
1496,exercise,n
1497,knee,n
1498,flower,n
1499,tape,n
1500,hire,v
1501,familiar,j
1502,appropriate,j
1503,supply,n
1504,fully,r
1505,cut,n
1506,will,n
1507,actor,n
1508,birth,n
1509,search,n
1510,tie,v
1511,democracy,n
1512,eastern,j
1513,primary,j
1514,yesterday,r
1515,circle,n
1516,device,n
1517,progress,n
1518,next,i
1519,front,n
1520,bottom,n
1521,island,n
1522,exchange,n
1523,clean,j
1524,studio,n
1525,train,v
1526,lady,n
1527,colleague,n
1528,application,n
1529,neck,n
1530,lean,v
1531,damage,n
1532,plastic,n
1533,tall,j
1534,plate,n
1535,hate,v
1536,otherwise,r
1537,writing,n
1538,press,v
1539,male,j
1540,start,n
1541,alive,j
1542,expression,n
1543,football,n
1544,intend,v
1545,attack,v
1546,chicken,n
1547,army,n
1548,abuse,n
1549,theater,n
1550,shut,v
1551,map,n
1552,extra,j
1553,session,n
1554,danger,n
1555,welcome,v
1556,domestic,j
1557,lots,p
1558,literature,n
1559,rain,n
1560,desire,n
1561,assessment,n
1562,injury,n
1563,respect,n
1564,northern,j
1565,nod,v
1566,paint,v
1567,fuel,n
1568,leaf,n
1569,direct,v
1570,dry,j
1571,Russian,j
1572,instruction,n
1573,fight,n
1574,pool,n
1575,climb,v
1576,sweet,j
1577,lead,n
1578,engine,n
1579,fourth,m
1580,salt,n
1581,expand,v
1582,importance,n
1583,metal,n
1584,fat,n
1585,ticket,n
1586,software,n
1587,disappear,v
1588,corporate,j
1589,strange,j
1590,lip,n
1591,reading,n
1592,urban,j
1593,mental,j
1594,increasingly,r
1595,lunch,n
1596,educational,j
1597,somewhere,r
1598,farmer,n
1599,above,r
1600,sugar,n
1601,planet,n
1602,favorite,j
1603,explore,v
1604,obtain,v
1605,enemy,n
1606,greatest,j
1607,complex,j
1608,surround,v
1609,athlete,n
1610,invite,v
1611,repeat,v
1612,carefully,r
1613,soul,n
1614,scientific,j
1615,impossible,j
1616,panel,n
1617,meaning,n
1618,mom,n
1619,married,j
1620,alone,j
1621,instrument,n
1622,predict,v
1623,weather,n
1624,presidential,j
1625,emotional,j
1626,commitment,n
1627,Supreme,j
1628,bear,v
1629,pocket,n
1630,thin,j
1631,temperature,n
1632,surprise,n
1633,poll,n
1634,proposal,n
1635,consequence,n
1636,half,n
1637,breath,n
1638,sight,n
1639,cover,n
1640,balance,n
1641,adopt,v
1642,minority,n
1643,straight,r
1644,attempt,v
1645,connect,v
1646,works,n
1647,teaching,n
1648,belong,v
1649,aid,n
1650,advice,n
1651,okay,r
1652,photograph,n
1653,empty,j
1654,regional,j
1655,trail,n
1656,novel,n
1657,code,n
1658,somehow,r
1659,organize,v
1660,jury,n
1661,breast,n
1662,Iraqi,j
1663,human,n
1664,acknowledge,v
1665,theme,n
1666,storm,n
1667,union,n
1668,record,v
1669,desk,n
1670,fear,v
1671,thanks,n
1672,fruit,n
1673,under,r
1674,expensive,j
1675,yellow,j
1676,conclusion,n
1677,prime,j
1678,shadow,n
1679,struggle,v
1680,conclude,v
1681,analyst,n
1682,dance,n
1683,limit,n
1684,like,j
1685,regulation,n
1686,being,n
1687,last,v
1688,ring,n
1689,largely,r
1690,shift,v
1691,revenue,n
1692,mark,v
1693,locate,v
1694,county,n
1695,appearance,n
1696,package,n
1697,difficulty,n
1698,bridge,n
1699,recommend,v
1700,obvious,j
1701,train,n
1702,basically,r
1703,e-mail,n
1704,generate,v
1705,anymore,r
1706,propose,v
1707,thinking,n
1708,possibly,r
1709,trend,n
1710,visitor,n
1711,loan,n
1712,currently,r
1713,comfortable,j
1714,investor,n
1715,but,i
1716,profit,n
1717,angry,j
1718,crew,n
1719,deep,r
1720,accident,n
1721,male,n
1722,meal,n
1723,hearing,n
1724,traffic,n
1725,muscle,n
1726,notion,n
1727,capture,v
1728,prefer,v
1729,truly,r
1730,earth,n
1731,Japanese,j
1732,chest,n
1733,search,v
1734,thick,j
1735,cash,n
1736,museum,n
1737,beauty,n
1738,emergency,n
1739,unique,j
1740,feature,v
1741,internal,j
1742,ethnic,j
1743,link,v
1744,stress,n
1745,content,n
1746,select,v
1747,root,n
1748,nose,n
1749,declare,v
1750,outside,r
1751,appreciate,v
1752,actual,j
1753,bottle,n
1754,hardly,r
1755,setting,n
1756,launch,v
1757,dress,n
1758,file,n
1759,sick,j
1760,outcome,n
1761,ad,n
1762,defend,v
1763,matter,v
1764,judge,v
1765,duty,n
1766,sheet,n
1767,ought,v
1768,ensure,v
1769,Catholic,j
1770,extremely,r
1771,extent,n
1772,component,n
1773,mix,v
1774,long-term,j
1775,slow,j
1776,contrast,n
1777,zone,n
1778,wake,v
1779,challenge,v
1780,airport,n
1781,chief,n
1782,brown,j
1783,standard,j
1784,shirt,n
1785,pilot,n
1786,warn,v
1787,ultimately,r
1788,cat,n
1789,contribution,n
1790,capacity,n
1791,ourselves,p
1792,estate,n
1793,guide,n
1794,circumstance,n
1795,snow,n
1796,English,j
1797,politician,n
1798,steal,v
1799,pursue,v
1800,slip,v
1801,percentage,n
1802,meat,n
1803,funny,j
1804,neither,r
1805,soil,n
1806,influence,v
1807,surgery,n
1808,correct,j
1809,Jewish,j
1810,blame,v
1811,estimate,v
1812,due,i
1813,basketball,n
1814,late,r
1815,golf,n
1816,investigate,v
1817,crazy,j
1818,significantly,r
1819,chain,n
1820,address,n
1821,branch,n
1822,combination,n
1823,just,j
1824,frequently,r
1825,governor,n
1826,relief,n
1827,user,n
1828,dad,n
1829,kick,v
1830,part,r
1831,manner,n
1832,ancient,j
1833,silence,n
1834,rating,n
1835,golden,j
1836,motion,n
1837,German,j
1838,gender,n
1839,solve,v
1840,fee,n
1841,landscape,n
1842,used,j
1843,bowl,n
1844,equal,j
1845,long,c
1846,official,j
1847,forth,r
1848,frame,n
1849,typical,j
1850,except,i
1851,conservative,j
1852,eliminate,v
1853,host,n
1854,hall,n
1855,trust,v
1856,ocean,n
1857,score,v
1858,row,n
1859,producer,n
1860,afford,v
1861,meanwhile,r
1862,regime,n
1863,division,n
1864,confirm,v
1865,fix,v
1866,appeal,n
1867,mirror,n
1868,tooth,n
1869,smart,j
1870,length,n
1871,entirely,r
1872,rely,v
1873,topic,n
1874,complain,v
1875,issue,v
1876,variable,n
1877,back,v
1878,range,v
1879,telephone,n
1880,perception,n
1881,attract,v
1882,confidence,n
1883,bedroom,n
1884,secret,n
1885,debt,n
1886,rare,j
1887,his,p
1888,tank,n
1889,nurse,n
1890,coverage,n
1891,opposition,n
1892,aside,r
1893,anywhere,r
1894,bond,n
1895,file,v
1896,pleasure,n
1897,master,n
1898,era,n
1899,requirement,n
1900,check,n
1901,stand,n
1902,fun,n
1903,expectation,n
1904,wing,n
1905,separate,j
1906,now,c
1907,clear,v
1908,struggle,n
1909,mean,j
1910,somewhat,r
1911,pour,v
1912,stir,v
1913,judgment,n
1914,clean,v
1915,except,c
1916,beer,n
1917,English,n
1918,reference,n
1919,tear,n
1920,doubt,n
1921,grant,v
1922,seriously,r
1923,account,v
1924,minister,n
1925,totally,r
1926,hero,n
1927,industrial,j
1928,cloud,n
1929,stretch,v
1930,winner,n
1931,volume,n
1932,travel,n
1933,seed,n
1934,surprised,j
1935,rest,v
1936,fashion,n
1937,pepper,n
1938,separate,v
1939,busy,j
1940,intervention,n
1941,copy,n
1942,tip,n
1943,below,i
1944,cheap,j
1945,aim,v
1946,cite,v
1947,welfare,n
1948,vegetable,n
1949,gray,j
1950,dish,n
1951,beach,n
1952,improvement,n
1953,everywhere,r
1954,opening,n
1955,overall,j
1956,divide,v
1957,initial,j
1958,terrible,j
1959,oppose,v
1960,contemporary,j
1961,route,n
1962,multiple,j
1963,essential,j
1964,question,v
1965,league,n
1966,criminal,j
1967,careful,j
1968,core,n
1969,upper,j
1970,rush,v
1971,necessarily,r
1972,specifically,r
1973,tired,j
1974,rise,n
1975,tie,n
1976,employ,v
1977,holiday,n
1978,dance,v
1979,vast,j
1980,resolution,n
1981,household,n
1982,fewer,d
1983,abortion,n
1984,apart,r
1985,witness,n
1986,match,v
1987,barely,r
1988,sector,n
1989,representative,n
1990,lack,v
1991,beneath,i
1992,beside,i
1993,black,n
1994,incident,n
1995,limited,j
1996,proud,j
1997,flow,n
1998,faculty,n
1999,increased,j
2000,waste,n
2001,merely,r
2002,mass,n
2003,emphasize,v
2004,experiment,n
2005,definitely,r
2006,bomb,n
2007,enormous,j
2008,tone,n
2009,liberal,j
2010,massive,j
2011,engineer,n
2012,wheel,n
2013,female,n
2014,decline,v
2015,invest,v
2016,promise,n
2017,cable,n
2018,towards,i
2019,expose,v
2020,rural,j
2021,AIDS,n
2022,Jew,n
2023,narrow,j
2024,cream,n
2025,secretary,n
2026,gate,n
2027,solid,j
2028,hill,n
2029,typically,r
2030,noise,n
2031,grass,n
2032,unfortunately,r
2033,hat,n
2034,legislation,n
2035,succeed,v
2036,either,d
2037,celebrate,v
2038,achievement,n
2039,fishing,n
2040,drink,n
2041,accuse,v
2042,hand,v
2043,useful,j
2044,land,v
2045,secret,j
2046,reject,v
2047,talent,n
2048,taste,n
2049,characteristic,n
2050,milk,n
2051,escape,v
2052,cast,v
2053,sentence,n
2054,unusual,j
2055,closely,r
2056,convince,v
2057,height,n
2058,physician,n
2059,assess,v
2060,sleep,n
2061,plenty,p
2062,ride,n
2063,virtually,r
2064,first,r
2065,addition,i
2066,sharp,j
2067,creative,j
2068,lower,v
2069,behind,r
2070,approve,v
2071,explanation,n
2072,outside,j
2073,gay,j
2074,campus,n
2075,proper,j
2076,live,j
2077,guilty,j
2078,living,j
2079,acquire,v
2080,compete,v
2081,technical,j
2082,plus,i
2083,mind,v
2084,potential,n
2085,immigrant,n
2086,weak,j
2087,illegal,j
2088,hi,u
2089,alternative,n
2090,interaction,n
2091,column,n
2092,personality,n
2093,signal,n
2094,curriculum,n
2095,list,v
2096,honor,n
2097,passenger,n
2098,assistance,n
2099,forever,r
2100,fun,j
2101,regard,v
2102,Israeli,j
2103,association,n
2104,twenty,m
2105,knock,v
2106,review,v
2107,wrap,v
2108,lab,n
2109,offer,n
2110,display,v
2111,criticism,n
2112,asset,n
2113,depression,n
2114,spiritual,j
2115,musical,j
2116,journalist,n
2117,prayer,n
2118,suspect,v
2119,scholar,n
2120,warning,n
2121,climate,n
2122,cheese,n
2123,observation,n
2124,childhood,n
2125,payment,n
2126,sir,n
2127,permit,v
2128,cigarette,n
2129,definition,n
2130,priority,n
2131,bread,n
2132,creation,n
2133,graduate,n
2134,request,n
2135,emotion,n
2136,scream,v
2137,dramatic,j
2138,universe,n
2139,gap,n
2140,excellent,j
2141,deeply,r
2142,prosecutor,n
2143,mark,n
2144,green,n
2145,lucky,j
2146,drag,v
2147,airline,n
2148,library,n
2149,agenda,n
2150,recover,v
2151,factory,n
2152,selection,n
2153,primarily,r
2154,roof,n
2155,unable,j
2156,expense,n
2157,initiative,n
2158,diet,n
2159,arrest,v
2160,funding,n
2161,therapy,n
2162,wash,v
2163,schedule,n
2164,sad,j
2165,brief,j
2166,housing,n
2167,post,n
2168,purchase,v
2169,existing,j
2170,dark,n
2171,steel,n
2172,regarding,i
2173,shout,v
2174,remaining,j
2175,visual,j
2176,fairly,r
2177,chip,n
2178,violent,j
2179,silent,j
2180,suppose,v
2181,self,n
2182,bike,n
2183,tea,n
2184,perceive,v
2185,comparison,n
2186,settlement,n
2187,layer,n
2188,planning,n
2189,far,c
2190,description,n
2191,later,j
2192,slow,v
2193,slide,v
2194,widely,r
2195,wedding,n
2196,inform,v
2197,portion,n
2198,territory,n
2199,immediate,j
2200,opponent,n
2201,abandon,v
2202,link,n
2203,mass,j
2204,lake,n
2205,transform,v
2206,tension,n
2207,display,n
2208,leading,j
2209,bother,v
2210,consist,v
2211,alcohol,n
2212,enable,v
2213,bend,v
2214,saving,n
2215,gain,n
2216,desert,n
2217,shall,v
2218,error,n
2219,release,n
2220,cop,n
2221,Arab,j
2222,double,j
2223,walk,n
2224,sand,n
2225,Spanish,j
2226,rule,v
2227,hit,n
2228,print,n
2229,preserve,v
2230,passage,n
2231,formal,j
2232,transition,n
2233,existence,n
2234,album,n
2235,participation,n
2236,arrange,v
2237,atmosphere,n
2238,joint,j
2239,reply,v
2240,cycle,n
2241,opposite,j
2242,lock,v
2243,whole,n
2244,deserve,v
2245,consistent,j
2246,resistance,n
2247,discovery,n
2248,tear,v
2249,exposure,n
2250,pose,v
2251,stream,n
2252,sale,n
2253,trust,n
2254,benefit,v
2255,pot,n
2256,grand,j
2257,mine,p
2258,hello,u
2259,coalition,n
2260,tale,n
2261,knife,n
2262,resolve,v
2263,racial,j
2264,phase,n
2265,present,n
2266,joke,n
2267,coat,n
2268,Mexican,j
2269,symptom,n
2270,contact,v
2271,manufacturer,n
2272,philosophy,n
2273,potato,n
2274,interview,v
2275,foundation,n
2276,quote,v
2277,online,j
2278,pass,n
2279,negotiation,n
2280,good,n
2281,urge,v
2282,occasion,n
2283,dust,n
2284,breathe,v
2285,elect,v
2286,investigator,n
2287,jacket,n
2288,glad,j
2289,ordinary,j
2290,reduction,n
2291,rarely,r
2292,shift,n
2293,pack,v
2294,suicide,n
2295,numerous,j
2296,touch,n
2297,substance,n
2298,discipline,n
2299,elsewhere,r
2300,iron,n
2301,practical,j
2302,moreover,r
2303,passion,n
2304,volunteer,n
2305,implement,v
2306,essentially,r
2307,gene,n
2308,enforcement,n
2309,vs,i
2310,sauce,n
2311,independence,n
2312,marketing,n
2313,priest,n
2314,amazing,j
2315,intense,j
2316,advance,n
2317,employer,n
2318,shock,n
2319,inspire,v
2320,adjust,v
2321,retire,v
2322,sure,r
2323,visible,j
2324,kiss,v
2325,illness,n
2326,cap,n
2327,habit,n
2328,competitive,j
2329,juice,n
2330,congressional,j
2331,involvement,n
2332,dominate,v
2333,previously,r
2334,whenever,r
2335,transfer,v
2336,analyze,v
2337,another,p
2338,attach,v
2339,for,c
2340,Indian,n
2341,disaster,n
2342,parking,n
2343,prospect,n
2344,boss,n
2345,complaint,n
2346,championship,n
2347,coach,v
2348,exercise,v
2349,fundamental,j
2350,severe,j
2351,enhance,v
2352,mystery,n
2353,impose,v
2354,poverty,n
2355,other,i
2356,entry,n
2357,fat,j
2358,spending,n
2359,king,n
2360,evaluate,v
2361,symbol,n
2362,still,j
2363,trade,v
2364,maker,n
2365,mood,n
2366,accomplish,v
2367,emphasis,n
2368,illustrate,v
2369,boot,n
2370,monitor,v
2371,Asian,j
2372,entertainment,n
2373,bean,n
2374,evaluation,n
2375,creature,n
2376,commander,n
2377,digital,j
2378,arrangement,n
2379,concentrate,v
2380,total,n
2381,usual,j
2382,anger,n
2383,psychological,j
2384,heavily,r
2385,peak,n
2386,approximately,r
2387,increasing,j
2388,disorder,n
2389,missile,n
2390,equally,r
2391,vary,v
2392,wire,n
2393,round,n
2394,distribution,n
2395,transportation,n
2396,holy,j
2397,ring,v
2398,twin,n
2399,command,n
2400,commission,n
2401,interpretation,n
2402,breakfast,n
2403,stop,n
2404,strongly,r
2405,engineering,n
2406,luck,n
2407,so-called,j
2408,constant,j
2409,race,v
2410,clinic,n
2411,veteran,n
2412,smell,v
2413,tablespoon,n
2414,capable,j
2415,nervous,j
2416,tourist,n
2417,light,v
2418,toss,v
2419,crucial,j
2420,bury,v
2421,pray,v
2422,tomato,n
2423,exception,n
2424,butter,n
2425,deficit,n
2426,bathroom,n
2427,objective,n
2428,block,v
2429,electronic,j
2430,ally,n
2431,journey,n
2432,reputation,n
2433,mixture,n
2434,surely,r
2435,tower,n
2436,smoke,n
2437,confront,v
2438,pure,j
2439,glance,v
2440,dimension,n
2441,toy,n
2442,prisoner,n
2443,fellow,j
2444,smooth,j
2445,nearby,j
2446,peer,n
2447,designer,n
2448,personnel,n
2449,shape,v
2450,educator,n
2451,relative,n
2452,immigration,n
2453,belt,n
2454,teaspoon,n
2455,birthday,n
2456,implication,n
2457,perfectly,r
2458,coast,n
2459,supporter,n
2460,accompany,v
2461,silver,n
2462,teenager,n
2463,recognition,n
2464,retirement,n
2465,flag,n
2466,recovery,n
2467,whisper,v
2468,watch,n
2469,gentleman,n
2470,corn,n
2471,moon,n
2472,inner,j
2473,junior,j
2474,rather,c
2475,throat,n
2476,salary,n
2477,swing,v
2478,observer,n
2479,due,j
2480,straight,j
2481,publication,n
2482,pretty,j
2483,crop,n
2484,dig,v
2485,strike,n
2486,permanent,j
2487,plant,v
2488,phenomenon,n
2489,anxiety,n
2490,unlike,i
2491,wet,j
2492,literally,r
2493,resist,v
2494,convention,n
2495,embrace,v
2496,supply,v
2497,assist,v
2498,exhibition,n
2499,construct,v
2500,viewer,n
2501,pan,n
2502,consultant,n
2503,soon,c
2504,line,v
2505,administrator,n
2506,date,v
2507,occasionally,r
2508,mayor,n
2509,consideration,n
2510,CEO,n
2511,secure,v
2512,pink,j
2513,smoke,v
2514,estimate,n
2515,buck,n
2516,historic,j
2517,poem,n
2518,grandmother,n
2519,bind,v
2520,fifth,m
2521,constantly,r
2522,enterprise,n
2523,favor,v
2524,testing,n
2525,stomach,n
2526,apparent,j
2527,weigh,v
2528,install,v
2529,sensitive,j
2530,suggestion,n
2531,mail,n
2532,recipe,n
2533,reasonable,j
2534,preparation,n
2535,wooden,j
2536,elementary,j
2537,concert,n
2538,aggressive,j
2539,false,j
2540,intention,n
2541,channel,n
2542,extreme,j
2543,tube,n
2544,drawing,n
2545,protein,n
2546,quit,v
2547,absence,n
2548,roll,n
2549,Latin,j
2550,rapidly,r
2551,jail,n
2552,comment,v
2553,diversity,n
2554,honest,j
2555,Palestinian,j
2556,pace,n
2557,employment,n
2558,speaker,n
2559,impression,n
2560,essay,n
2561,respondent,n
2562,giant,j
2563,cake,n
2564,historian,n
2565,negotiate,v
2566,restore,v
2567,substantial,j
2568,pop,v
2569,particular,r
2570,specialist,n
2571,origin,n
2572,approval,n
2573,mine,n
2574,quietly,r
2575,advise,v
2576,conventional,j
2577,drop,n
2578,count,n
2579,depth,n
2580,wealth,n
2581,disability,n
2582,shell,n
2583,general,r
2584,criticize,v
2585,fast,j
2586,professional,n
2587,effectively,r
2588,biological,j
2589,pack,n
2590,onion,n
2591,deputy,n
2592,flat,j
2593,brand,n
2594,assure,v
2595,mad,j
2596,award,n
2597,criteria,n
2598,dealer,n
2599,via,i
2600,alternative,j
2601,utility,n
2602,precisely,r
2603,arise,v
2604,armed,j
2605,nevertheless,r
2606,highway,n
2607,clinical,j
2608,routine,n
2609,schedule,v
2610,wage,n
2611,normally,r
2612,phrase,n
2613,ingredient,n
2614,stake,n
2615,Muslim,j
2616,dream,v
2617,fiber,n
2618,activist,n
2619,Islamic,j
2620,snap,v
2621,terrorism,n
2622,refugee,n
2623,incorporate,v
2624,hip,n
2625,ultimate,j
2626,switch,v
2627,corporation,n
2628,valuable,j
2629,assumption,n
2630,gear,n
2631,graduate,v
2632,barrier,n
2633,minor,j
2634,provision,n
2635,killer,n
2636,assign,v
2637,gang,n
2638,developing,j
2639,classic,j
2640,chemical,n
2641,wave,v
2642,label,n
2643,teen,n
2644,index,n
2645,vacation,n
2646,advocate,n
2647,draft,n
2648,extraordinary,j
2649,heaven,n
2650,rough,j
2651,yell,v
2652,pregnant,j
2653,distant,j
2654,drama,n
2655,satellite,n
2656,personally,r
2657,wonder,n
2658,clock,n
2659,chocolate,n
2660,Italian,j
2661,Canadian,j
2662,ceiling,n
2663,sweep,v
2664,advertising,n
2665,universal,j
2666,spin,v
2667,house,v
2668,button,n
2669,bell,n
2670,rank,n
2671,darkness,n
2672,ahead,i
2673,clothing,n
2674,super,j
2675,yield,v
2676,fence,n
2677,portrait,n
2678,paint,n
2679,survival,n
2680,roughly,r
2681,lawsuit,n
2682,bottom,j
2683,testimony,n
2684,bunch,n
2685,beat,n
2686,wind,v
2687,found,v
2688,burden,n
2689,react,v
2690,chamber,n
2691,furniture,n
2692,cooperation,n
2693,string,n
2694,ceremony,n
2695,communicate,v
2696,taste,v
2697,cheek,n
2698,lost,j
2699,profile,n
2700,mechanism,n
2701,disagree,v
2702,like,r
2703,penalty,n
2704,match,n
2705,ie,r
2706,advance,v
2707,resort,n
2708,destruction,n
2709,bear,n
2710,unlikely,j
2711,tissue,n
2712,constitutional,j
2713,pant,n
2714,stranger,n
2715,infection,n
2716,cabinet,n
2717,broken,j
2718,apple,n
2719,electric,j
2720,proceed,v
2721,track,v
2722,bet,v
2723,literary,j
2724,virus,n
2725,stupid,j
2726,dispute,n
2727,fortune,n
2728,strategic,j
2729,assistant,n
2730,overcome,v
2731,remarkable,j
2732,occupy,v
2733,statistics,n
2734,shopping,n
2735,cousin,n
2736,encounter,v
2737,wipe,v
2738,initially,r
2739,blind,j
2740,white,n
2741,port,n
2742,honor,v
2743,electricity,n
2744,genetic,j
2745,adviser,n
2746,pay,n
2747,spokesman,n
2748,retain,v
2749,latter,d
2750,incentive,n
2751,slave,n
2752,chemical,j
2753,translate,v
2754,accurate,j
2755,whereas,c
2756,terror,n
2757,though,r
2758,expansion,n
2759,elite,n
2760,Olympic,j
2761,dirt,n
2762,odd,j
2763,rice,n
2764,bullet,n
2765,tight,j
2766,Bible,n
2767,chart,n
2768,solar,j
2769,decline,n
2770,conservative,n
2771,process,v
2772,square,j
2773,stick,n
2774,concentration,n
2775,complicated,j
2776,gently,r
2777,champion,n
2778,scenario,n
2779,telescope,n
2780,reflection,n
2781,revolution,n
2782,strip,n
2783,interpret,v
2784,friendly,j
2785,tournament,n
2786,fiction,n
2787,detect,v
2788,balance,v
2789,likely,r
2790,tremendous,j
2791,lifetime,n
2792,recommendation,n
2793,flow,v
2794,senator,n
2795,market,v
2796,hunting,n
2797,salad,n
2798,guarantee,v
2799,innocent,j
2800,boundary,n
2801,pause,v
2802,remote,j
2803,satisfaction,n
2804,journal,n
2805,bench,n
2806,lover,n
2807,raw,j
2808,awareness,n
2809,surprising,j
2810,withdraw,v
2811,general,n
2812,deck,n
2813,similarly,r
2814,newly,r
2815,pole,n
2816,testify,v
2817,mode,n
2818,dialogue,n
2819,imply,v
2820,naturally,r
2821,mutual,j
2822,founder,n
2823,top,i
2824,advanced,j
2825,pride,n
2826,dismiss,v
2827,aircraft,n
2828,delivery,n
2829,mainly,r
2830,bake,v
2831,freeze,v
2832,platform,n
2833,finance,n
2834,sink,v
2835,attractive,j
2836,respect,v
2837,diverse,j
2838,relevant,j
2839,ideal,j
2840,joy,n
2841,worth,n
2842,regularly,r
2843,working,j
2844,singer,n
2845,evolve,v
2846,shooting,n
2847,partly,r
2848,unknown,j
2849,assistant,j
2850,offense,n
2851,counter,n
2852,DNA,n
2853,smell,n
2854,potentially,r
2855,transfer,n
2856,thirty,m
2857,justify,v
2858,protest,n
2859,crash,n
2860,craft,n
2861,treaty,n
2862,terrorist,n
2863,insight,n
2864,possess,v
2865,politically,r
2866,tap,v
2867,lie,n
2868,extensive,j
2869,episode,n
2870,double,v
2871,swim,v
2872,tire,v
2873,fault,n
2874,loose,j
2875,free,v
2876,shortly,r
2877,originally,r
2878,considerable,j
2879,prior,i
2880,intellectual,j
2881,mix,n
2882,assault,n
2883,relax,v
2884,stair,n
2885,adventure,n
2886,external,j
2887,proof,n
2888,confident,j
2889,headquarters,n
2890,sudden,j
2891,dirty,j
2892,violation,n
2893,tongue,n
2894,license,n
2895,hold,n
2896,shelter,n
2897,rub,v
2898,controversy,n
2899,entrance,n
2900,favorite,n
2901,practice,v
2902,properly,r
2903,fade,v
2904,defensive,j
2905,tragedy,n
2906,net,n
2907,characterize,v
2908,funeral,n
2909,profession,n
2910,alter,v
2911,spot,v
2912,constitute,v
2913,establishment,n
2914,squeeze,v
2915,imagination,n
2916,target,v
2917,mask,n
2918,convert,v
2919,comprehensive,j
2920,prominent,j
2921,presentation,n
2922,regardless,r
2923,easy,r
2924,load,v
2925,stable,j
2926,introduction,n
2927,appeal,v
2928,pretend,v
2929,not,c
2930,elderly,j
2931,representation,n
2932,deer,n
2933,split,v
2934,violate,v
2935,partnership,n
2936,pollution,n
2937,emission,n
2938,steady,j
2939,vital,j
2940,neither,d
2941,fate,n
2942,earnings,n
2943,oven,n
2944,distinction,n
2945,segment,n
2946,nowhere,r
2947,poet,n
2948,mere,j
2949,exciting,j
2950,variation,n
2951,comfort,n
2952,radical,j
2953,stress,v
2954,adapt,v
2955,Irish,j
2956,honey,n
2957,correspondent,n
2958,pale,j
2959,musician,n
2960,significance,n
2961,load,n
2962,round,j
2963,vessel,n
2964,storage,n
2965,flee,v
2966,mm-hmm,u
2967,leather,n
2968,distribute,v
2969,evolution,n
2970,ill,j
2971,tribe,n
2972,shelf,n
2973,can,n
2974,grandfather,n
2975,lawn,n
2976,buyer,n
2977,dining,n
2978,wisdom,n
2979,council,n
2980,vulnerable,j
2981,instance,n
2982,garlic,n
2983,capability,n
2984,poetry,n
2985,celebrity,n
2986,gradually,r
2987,stability,n
2988,doubt,v
2989,fantasy,n
2990,scared,j
2991,guide,v
2992,plot,n
2993,framework,n
2994,gesture,n
2995,depending,i
2996,ongoing,j
2997,psychology,n
2998,since,r
2999,counselor,n
3000,witness,v
3001,chapter,n
3002,fellow,n
3003,divorce,n
3004,owe,v
3005,pipe,n
3006,athletic,j
3007,slight,j
3008,math,n
3009,shade,n
3010,tail,n
3011,sustain,v
3012,mount,v
3013,obligation,n
3014,angle,n
3015,palm,n
3016,differ,v
3017,custom,n
3018,store,v
3019,economist,n
3020,fifteen,m
3021,soup,n
3022,celebration,n
3023,efficient,j
3024,damage,v
3025,composition,n
3026,satisfy,v
3027,pile,n
3028,briefly,r
3029,carbon,n
3030,closer,j
3031,consume,v
3032,scheme,n
3033,crack,n
3034,frequency,n
3035,tobacco,n
3036,survivor,n
3037,besides,r
3038,in,c
3039,psychologist,n
3040,wealthy,j
3041,galaxy,n
3042,given,j
3043,fund,v
3044,ski,n
3045,limitation,n
3046,OK,j
3047,trace,v
3048,appointment,n
3049,preference,n
3050,meter,n
3051,explosion,n
3052,arrest,n
3053,publicly,r
3054,incredible,j
3055,fighter,n
3056,rapid,j
3057,admission,n
3058,hunter,n
3059,educate,v
3060,painful,j
3061,friendship,n
3062,aide,n
3063,infant,n
3064,calculate,v
3065,fifty,m
3066,rid,v
3067,porch,n
3068,tendency,n
3069,uniform,n
3070,formation,n
3071,scholarship,n
3072,reservation,n
3073,efficiency,n
3074,waste,v
3075,qualify,v
3076,mall,n
3077,derive,v
3078,scandal,n
3079,PC,n
3080,helpful,j
3081,impress,v
3082,heel,n
3083,resemble,v
3084,privacy,n
3085,fabric,n
3086,surprise,v
3087,contest,n
3088,proportion,n
3089,guideline,n
3090,rifle,n
3091,maintenance,n
3092,conviction,n
3093,trick,n
3094,organic,j
3095,tent,n
3096,examination,n
3097,publisher,n
3098,strengthen,v
3099,French,n
3100,proposed,j
3101,myth,n
3102,sophisticated,j
3103,cow,n
3104,etc,r
3105,standing,n
3106,asleep,j
3107,tennis,n
3108,nerve,n
3109,barrel,n
3110,bombing,n
3111,membership,n
3112,ratio,n
3113,menu,n
3114,purchase,n
3115,controversial,j
3116,desperate,j
3117,rate,v
3118,lifestyle,n
3119,humor,n
3120,loud,j
3121,glove,n
3122,suspect,n
3123,sufficient,j
3124,narrative,n
3125,photographer,n
3126,helicopter,n
3127,Catholic,n
3128,modest,j
3129,provider,n
3130,delay,n
3131,agricultural,j
3132,explode,v
3133,stroke,n
3134,scope,n
3135,punishment,n
3136,handful,n
3137,badly,r
3138,horizon,n
3139,curious,j
3140,downtown,j
3141,girlfriend,n
3142,prompt,v
3143,request,v
3144,cholesterol,n
3145,absorb,v
3146,adjustment,n
3147,taxpayer,n
3148,eager,j
3149,principal,n
3150,detailed,j
3151,motivation,n
3152,assignment,n
3153,restriction,n
3154,across,r
3155,Palestinian,n
3156,laboratory,n
3157,workshop,n
3158,differently,r
3159,auto,n
3160,romantic,j
3161,cotton,n
3162,motor,n
3163,sue,v
3164,flavor,n
3165,overlook,v
3166,float,v
3167,undergo,v
3168,sequence,n
3169,demonstration,n
3170,jet,n
3171,orange,j
3172,consumption,n
3173,assert,v
3174,blade,n
3175,temporary,j
3176,medication,n
3177,print,v
3178,cabin,n
3179,bite,v
3180,relative,j
3181,edition,n
3182,valley,n
3183,yours,p
3184,pitch,n
3185,pine,n
3186,brilliant,j
3187,versus,i
3188,manufacturing,n
3189,risk,v
3190,Christian,n
3191,complex,n
3192,absolute,j
3193,hay,n
3194,discrimination,n
3195,offensive,j
3196,German,n
3197,suit,v
3198,boom,n
3199,register,v
3200,appoint,v
3201,heritage,n
3202,God,n
3203,terrorist,j
3204,dominant,j
3205,successfully,r
3206,shit,n
3207,lemon,n
3208,hungry,j
3209,sense,v
3210,dry,v
3211,wander,v
3212,submit,v
3213,economics,n
3214,naked,j
3215,anticipate,v
3216,nut,n
3217,legacy,n
3218,extension,n
3219,shrug,v
3220,fly,n
3221,battery,n
3222,arrival,n
3223,legitimate,j
3224,orientation,n
3225,inflation,n
3226,cope,v
3227,flame,n
3228,cluster,n
3229,host,v
3230,wound,n
3231,dependent,j
3232,shower,n
3233,institutional,j
3234,depict,v
3235,operating,n
3236,flesh,n
3237,garage,n
3238,operator,n
3239,instructor,n
3240,collapse,v
3241,borrow,v
3242,furthermore,r
3243,comedy,n
3244,mortgage,n
3245,sanction,n
3246,civilian,j
3247,twelve,m
3248,weekly,j
3249,habitat,n
3250,grain,n
3251,brush,v
3252,consciousness,n
3253,devote,v
3254,crack,v
3255,measurement,n
3256,province,n
3257,ease,v
3258,seize,v
3259,ethics,n
3260,nomination,n
3261,permission,n
3262,wise,j
3263,actress,n
3264,summit,n
3265,acid,n
3266,odds,n
3267,gifted,j
3268,frustration,n
3269,medium,n
3270,function,v
3271,physically,r
3272,grant,n
3273,distinguish,v
3274,shore,n
3275,repeatedly,r
3276,lung,n
3277,firm,j
3278,running,j
3279,correct,v
3280,distinct,j
3281,artistic,j
3282,discourse,n
3283,basket,n
3284,ah,u
3285,fighting,n
3286,impressive,j
3287,competitor,n
3288,ugly,j
3289,worried,j
3290,portray,v
3291,powder,n
3292,ghost,n
3293,persuade,v
3294,moderate,j
3295,subsequent,j
3296,continued,j
3297,cookie,n
3298,carrier,n
3299,cooking,n
3300,frequent,j
3301,ban,v
3302,swing,n
3303,orange,n
3304,awful,j
3305,admire,v
3306,pet,n
3307,miracle,n
3308,exceed,v
3309,rhythm,n
3310,widespread,j
3311,killing,n
3312,lovely,j
3313,sin,n
3314,charity,n
3315,script,n
3316,tactic,n
3317,identification,n
3318,transformation,n
3319,everyday,j
3320,headline,n
3321,crash,v
3322,venture,n
3323,invasion,n
3324,military,n
3325,nonetheless,r
3326,adequate,j
3327,piano,n
3328,grocery,n
3329,intensity,n
3330,exhibit,v
3331,high,r
3332,blanket,n
3333,margin,n
3334,principal,j
3335,quarterback,n
3336,mouse,n
3337,rope,n
3338,concrete,j
3339,prescription,n
3340,African-American,j
3341,chase,v
3342,document,v
3343,brick,n
3344,recruit,v
3345,patch,n
3346,consensus,n
3347,horror,n
3348,recording,n
3349,changing,j
3350,painter,n
3351,colonial,j
3352,pie,n
3353,sake,n
3354,gaze,n
3355,courage,n
3356,pregnancy,n
3357,swear,v
3358,defeat,v
3359,clue,n
3360,reinforce,v
3361,win,n
3362,confusion,n
3363,slice,n
3364,occupation,n
3365,dear,j
3366,coal,n
3367,sacred,j
3368,criminal,n
3369,formula,n
3370,cognitive,j
3371,collective,j
3372,exact,j
3373,uncle,n
3374,square,n
3375,captain,n
3376,sigh,v
3377,attribute,v
3378,dare,v
3379,okay,j
3380,homeless,j
3381,cool,v
3382,gallery,n
3383,soccer,n
3384,defendant,n
3385,tunnel,n
3386,fitness,n
3387,lap,n
3388,grave,n
3389,toe,n
3390,container,n
3391,virtue,n
3392,abroad,r
3393,architect,n
3394,dramatically,r
3395,makeup,n
3396,inquiry,n
3397,rose,n
3398,surprisingly,r
3399,highlight,v
3400,decrease,v
3401,indication,n
3402,rail,n
3403,anniversary,n
3404,couch,n
3405,alliance,n
3406,hypothesis,n
3407,boyfriend,n
3408,compose,v
3409,peer,v
3410,mess,n
3411,rank,v
3412,legend,n
3413,regulate,v
3414,adolescent,n
3415,shine,v
3416,norm,n
3417,upset,v
3418,remark,n
3419,resign,v
3420,reward,n
3421,gentle,j
3422,related,j
3423,organ,n
3424,lightly,r
3425,concerning,i
3426,invent,v
3427,laughter,n
3428,fit,j
3429,northwest,n
3430,counseling,n
3431,tight,r
3432,receiver,n
3433,ritual,n
3434,insect,n
3435,interrupt,v
3436,salmon,n
3437,favor,n
3438,trading,n
3439,concern,v
3440,magic,j
3441,superior,j
3442,combat,n
3443,stem,n
3444,surgeon,n
3445,acceptable,j
3446,physics,n
3447,rape,n
3448,counsel,n
3449,brush,n
3450,jeans,n
3451,hunt,v
3452,continuous,j
3453,log,n
3454,echo,v
3455,pill,n
3456,excited,j
3457,sculpture,n
3458,compound,n
3459,integrate,v
3460,flour,n
3461,bitter,j
3462,bare,j
3463,slope,n
3464,rent,v
3465,presidency,n
3466,serving,n
3467,subtle,j
3468,greatly,r
3469,bishop,n
3470,drinking,n
3471,delay,v
3472,cry,n
3473,acceptance,n
3474,collapse,n
3475,shop,v
3476,pump,n
3477,candy,n
3478,evil,n
3479,final,n
3480,finance,v
3481,pleased,j
3482,medal,n
3483,beg,v
3484,sponsor,v
3485,ethical,j
3486,secondary,j
3487,slam,v
3488,export,n
3489,experimental,j
3490,melt,v
3491,midnight,n
3492,net,j
3493,curve,n
3494,integrity,n
3495,entitle,v
3496,evident,j
3497,logic,n
3498,essence,n
3499,park,v
3500,exclude,v
3501,harsh,j
3502,closet,n
3503,suburban,j
3504,greet,v
3505,favor,i
3506,interior,n
3507,corridor,n
3508,murder,v
3509,retail,j
3510,pitcher,n
3511,march,v
3512,snake,n
3513,pitch,v
3514,excuse,v
3515,cross,n
3516,weakness,n
3517,pig,n
3518,cold,n
3519,classical,j
3520,estimated,j
3521,T-shirt,n
3522,online,r
3523,unemployment,n
3524,civilization,n
3525,fold,v
3526,patient,j
3527,pop,n
3528,daily,r
3529,reverse,v
3530,missing,j
3531,correlation,n
3532,humanity,n
3533,flash,v
3534,developer,n
3535,reliable,j
3536,excitement,n
3537,beef,n
3538,Islam,n
3539,Roman,j
3540,stretch,n
3541,architecture,n
3542,occasional,j
3543,administrative,j
3544,elbow,n
3545,deadly,j
3546,Muslim,n
3547,Hispanic,j
3548,allegation,n
3549,tip,v
3550,confuse,v
3551,airplane,n
3552,monthly,j
3553,duck,n
3554,dose,n
3555,Korean,j
3556,plead,v
3557,initiate,v
3558,lecture,n
3559,van,n
3560,sixth,m
3561,bay,n
3562,mainstream,j
3563,suburb,n
3564,sandwich,n
3565,unlike,j
3566,trunk,n
3567,rumor,n
3568,implementation,n
3569,swallow,v
3570,motivate,v
3571,render,v
3572,longtime,j
3573,trap,v
3574,restrict,v
3575,cloth,n
3576,seemingly,r
3577,legislative,j
3578,effectiveness,n
3579,enforce,v
3580,lens,n
3581,reach,n
3582,inspector,n
3583,lend,v
3584,plain,j
3585,fraud,n
3586,companion,n
3587,contend,v
3588,nail,n
3589,array,n
3590,strict,j
3591,assemble,v
3592,frankly,r
3593,rat,n
3594,burst,v
3595,hallway,n
3596,cave,n
3597,inevitable,j
3598,southwest,n
3599,monster,n
3600,speed,v
3601,protest,v
3602,unexpected,j
3603,obstacle,n
3604,facilitate,v
3605,encounter,n
3606,rip,v
3607,herb,n
3608,overwhelming,j
3609,integration,n
3610,crystal,n
3611,recession,n
3612,wish,n
3613,top,v
3614,written,j
3615,motive,n
3616,label,v
3617,flood,n
3618,pen,n
3619,ownership,n
3620,nightmare,n
3621,notice,n
3622,inspection,n
3623,supervisor,n
3624,consult,v
3625,arena,n
3626,laugh,n
3627,diagnosis,n
3628,possession,n
3629,forgive,v
3630,warm,v
3631,consistently,r
3632,basement,n
3633,project,v
3634,drift,v
3635,drain,v
3636,last,r
3637,prosecution,n
3638,maximum,j
3639,announcement,n
3640,warrior,n
3641,prediction,n
3642,bacteria,n
3643,questionnaire,n
3644,mud,n
3645,infrastructure,n
3646,hurry,v
3647,privilege,n
3648,temple,n
3649,medium,j
3650,outdoor,j
3651,suck,v
3652,and/or,c
3653,broadcast,n
3654,re,i
3655,leap,v
3656,random,j
3657,past,r
3658,wrist,n
3659,curtain,n
3660,monitor,n
3661,pond,n
3662,domain,n
3663,guilt,n
3664,cattle,n
3665,subject,i
3666,walking,n
3667,playoff,n
3668,minimum,j
3669,fiscal,j
3670,skirt,n
3671,dump,v
3672,hence,r
3673,database,n
3674,uncomfortable,j
3675,aim,n
3676,execute,v
3677,limb,n
3678,ideology,n
3679,average,v
3680,welcome,j
3681,tune,v
3682,continuing,j
3683,harm,n
3684,railroad,n
3685,endure,v
3686,radiation,n
3687,horn,n
3688,chronic,j
3689,peaceful,j
3690,innovation,n
3691,strain,n
3692,guitar,n
3693,replacement,n
3694,behave,v
3695,administer,v
3696,simultaneously,r
3697,dancer,n
3698,amendment,n
3699,guard,v
3700,pad,n
3701,transmission,n
3702,await,v
3703,retired,j
3704,trigger,v
3705,spill,v
3706,grateful,j
3707,grace,n
3708,virtual,j
3709,response,i
3710,colony,n
3711,adoption,n
3712,slide,n
3713,indigenous,j
3714,closed,j
3715,convict,v
3716,civilian,n
3717,towel,n
3718,modify,v
3719,particle,n
3720,award,v
3721,glance,n
3722,prize,n
3723,landing,n
3724,conduct,n
3725,blue,n
3726,boost,v
3727,bat,n
3728,alarm,n
3729,festival,n
3730,grip,n
3731,weird,j
3732,undermine,v
3733,freshman,n
3734,sweat,n
3735,outer,j
3736,European,n
3737,drunk,j
3738,survey,v
3739,research,v
3740,separation,n
3741,traditionally,r
3742,stuff,v
3743,govern,v
3744,southeast,n
3745,intelligent,j
3746,wherever,r
3747,ballot,n
3748,rhetoric,n
3749,convinced,j
3750,driving,j
3751,vitamin,n
3752,enthusiasm,n
3753,accommodate,v
3754,praise,v
3755,injure,v
3756,wilderness,n
3757,nearby,r
3758,endless,j
3759,mandate,n
3760,pause,n
3761,excuse,n
3762,respectively,r
3763,uncertainty,n
3764,chaos,n
3765,short,r
3766,mechanical,j
3767,canvas,n
3768,forty,m
3769,matter,d
3770,lobby,n
3771,profound,j
3772,format,n
3773,trait,n
3774,currency,n
3775,turkey,n
3776,reserve,n
3777,beam,n
3778,abuse,v
3779,astronomer,n
3780,corruption,n
3781,contractor,n
3782,apologize,v
3783,doctrine,n
3784,genuine,j
3785,thumb,n
3786,unity,n
3787,compromise,n
3788,horrible,j
3789,behavioral,j
3790,exclusive,j
3791,scatter,v
3792,commonly,r
3793,convey,v
3794,rush,n
3795,twist,v
3796,complexity,n
3797,fork,n
3798,disk,n
3799,relieve,v
3800,suspicion,n
3801,lock,n
3802,finish,n
3803,residence,n
3804,shame,n
3805,meaningful,j
3806,sidewalk,n
3807,Olympics,n
3808,technological,j
3809,signature,n
3810,pleasant,j
3811,wow,u
3812,suspend,v
3813,rebel,n
3814,frozen,j
3815,desire,v
3816,spouse,n
3817,fluid,n
3818,pension,n
3819,resume,v
3820,theoretical,j
3821,sodium,n
3822,blow,n
3823,promotion,n
3824,delicate,j
3825,forehead,n
3826,rebuild,v
3827,bounce,v
3828,electrical,j
3829,hook,n
3830,detective,n
3831,traveler,n
3832,click,v
3833,compensation,n
3834,signal,v
3835,exit,n
3836,attraction,n
3837,dedicate,v
3838,altogether,r
3839,pickup,n
3840,carve,v
3841,needle,n
3842,belly,n
3843,ship,v
3844,scare,v
3845,portfolio,n
3846,shuttle,n
3847,invisible,j
3848,timing,n
3849,engagement,n
3850,ankle,n
3851,transaction,n
3852,rescue,v
3853,counterpart,n
3854,historically,r
3855,firmly,r
3856,mild,j
3857,rider,n
3858,doll,n
3859,noon,n
3860,exhibit,n
3861,amid,i
3862,identical,j
3863,precise,j
3864,anxious,j
3865,structural,j
3866,residential,j
3867,loud,r
3868,diagnose,v
3869,carbohydrate,n
3870,liberty,n
3871,poster,n
3872,theology,n
3873,nonprofit,j
3874,crawl,v
3875,oxygen,n
3876,handsome,j
3877,magic,n
3878,sum,n
3879,provided,c
3880,businessman,n
3881,promising,j
3882,conscious,j
3883,determination,n
3884,donor,n
3885,hers,p
3886,pastor,n
3887,jazz,n
3888,opera,n
3889,Japanese,n
3890,bite,n
3891,frame,v
3892,evil,j
3893,acquisition,n
3894,pit,n
3895,hug,v
3896,wildlife,n
3897,punish,v
3898,giant,n
3899,primary,n
3900,equity,n
3901,wrong,r
3902,doorway,n
3903,departure,n
3904,elevator,n
3905,teenage,j
3906,guidance,n
3907,happiness,n
3908,statue,n
3909,pursuit,n
3910,repair,n
3911,decent,j
3912,gym,n
3913,oral,j
3914,clerk,n
3915,Israeli,n
3916,envelope,n
3917,reporting,n
3918,destination,n
3919,fist,n
3920,endorse,v
3921,exploration,n
3922,generous,j
3923,bath,n
3924,rescue,n
3925,thereby,r
3926,overall,r
3927,indicator,n
3928,sunlight,n
3929,feedback,n
3930,spectrum,n
3931,purple,j
3932,laser,n
3933,bold,j
3934,reluctant,j
3935,starting,n
3936,expertise,n
3937,practically,r
3938,program,v
3939,picture,v
3940,tune,n
3941,eating,n
3942,age,v
3943,volunteer,v
3944,hint,n
3945,sharply,r
3946,parade,n
3947,advocate,v
3948,realm,n
3949,ban,n
3950,strip,v
3951,cancel,v
3952,blend,v
3953,therapist,n
3954,slice,v
3955,peel,v
3956,pizza,n
3957,recipient,n
3958,hesitate,v
3959,flip,v
3960,accounting,n
3961,debate,v
3962,bias,n
3963,huh,u
3964,metaphor,n
3965,candle,n
3966,handle,n
3967,worry,n
3968,judicial,j
3969,entity,n
3970,suffering,n
3971,full-time,j
3972,feel,n
3973,lamp,n
3974,garbage,n
3975,servant,n
3976,addition,n
3977,regulatory,j
3978,diplomatic,j
3979,elegant,j
3980,inside,n
3981,reception,n
3982,vanish,v
3983,automatically,r
3984,chin,n
3985,trail,v
3986,necessity,n
3987,confess,v
3988,racism,n
3989,starter,n
3990,interior,j
3991,banking,n
3992,casual,j
3993,gravity,n
3994,enroll,v
3995,diminish,v
3996,prevention,n
3997,Arab,n
3998,value,v
3999,minimize,v
4000,chop,v
4001,performer,n
4002,intent,n
4003,isolate,v
4004,pump,v
4005,inventory,n
4006,productive,j
4007,assembly,n
4008,civic,j
4009,silk,n
4010,magnitude,n
4011,steep,j
4012,hostage,n
4013,collector,n
4014,popularity,n
4015,kiss,n
4016,alien,n
4017,dynamic,j
4018,scary,j
4019,equation,n
4020,angel,n
4021,switch,n
4022,offering,n
4023,rage,n
4024,photography,n
4025,repair,v
4026,toilet,n
4027,disappointed,j
4028,precious,j
4029,prohibit,v
4030,representative,j
4031,content,j
4032,realistic,j
4033,Russian,n
4034,hidden,j
4035,command,v
4036,tender,j
4037,wake,n
4038,gathering,n
4039,outstanding,j
4040,stumble,v
4041,lonely,j
4042,automobile,n
4043,artificial,j
4044,dawn,n
4045,abstract,j
4046,descend,v
4047,silly,j
4048,hook,v
4049,tide,n
4050,shared,j
4051,hopefully,r
4052,readily,r
4053,cooperate,v
4054,revolutionary,j
4055,romance,n
4056,hardware,n
4057,pillow,n
4058,kit,n
4059,cook,n
4060,spread,n
4061,continent,n
4062,seal,v
4063,circuit,n
4064,sink,n
4065,ruling,n
4066,shortage,n
4067,annually,r
4068,lately,r
4069,trap,n
4070,scan,v
4071,fool,n
4072,deadline,n
4073,rear,j
4074,processing,n
4075,ranch,n
4076,coastal,j
4077,undertake,v
4078,softly,r
4079,reserve,v
4080,burning,j
4081,verbal,j
4082,tribal,j
4083,ridiculous,j
4084,automatic,j
4085,diamond,n
4086,credibility,n
4087,import,n
4088,sexually,r
4089,spring,v
4090,way,r
4091,divine,j
4092,sentiment,n
4093,cart,n
4094,oversee,v
4095,stem,v
4096,elder,n
4097,pro,n
4098,inspiration,n
4099,Dutch,j
4100,quantity,n
4101,trailer,n
4102,mate,n
4103,o'clock,r
4104,Greek,j
4105,genius,n
4106,monument,n
4107,bid,n
4108,quest,n
4109,sacrifice,n
4110,invitation,n
4111,accuracy,n
4112,juror,n
4113,officially,r
4114,broker,n
4115,treasure,n
4116,loyalty,n
4117,credit,v
4118,shock,v
4119,talented,j
4120,gasoline,n
4121,stiff,j
4122,output,n
4123,nominee,n
4124,extended,j
4125,please,v
4126,diabetes,n
4127,slap,v
4128,toxic,j
4129,alleged,j
4130,jaw,n
4131,grief,n
4132,mysterious,j
4133,rocket,n
4134,donate,v
4135,inmate,n
4136,tackle,v
4137,dynamics,n
4138,bow,n
4139,ours,p
4140,senior,n
4141,dignity,n
4142,carpet,n
4143,parental,j
4144,bubble,n
4145,heat,v
4146,buddy,n
4147,barn,n
4148,sword,n
4149,flash,n
4150,seventh,m
4151,glory,n
4152,tightly,r
4153,protective,j
4154,tuck,v
4155,drum,n
4156,faint,j
4157,post,v
4158,queen,n
4159,dilemma,n
4160,input,n
4161,specialize,v
4162,northeast,n
4163,shallow,j
4164,liability,n
4165,sail,v
4166,merchant,n
4167,stadium,n
4168,improved,j
4169,bloody,j
4170,defeat,n
4171,associated,j
4172,withdrawal,n
4173,refrigerator,n
4174,nest,n
4175,near,j
4176,thoroughly,r
4177,lane,n
4178,ancestor,n
4179,condemn,v
4180,steam,n
4181,accent,n
4182,escape,n
4183,optimistic,j
4184,unite,v
4185,cage,n
4186,equip,v
4187,shrimp,n
4188,homeland,n
4189,exchange,v
4190,rack,n
4191,costume,n
4192,wolf,n
4193,courtroom,n
4194,statute,n
4195,cartoon,n
4196,besides,i
4197,productivity,n
4198,grin,v
4199,symbolic,j
4200,seal,n
4201,bug,n
4202,bless,v
4203,aunt,n
4204,agriculture,n
4205,rock,v
4206,hostile,j
4207,root,v
4208,conceive,v
4209,combined,j
4210,instantly,r
4211,bankruptcy,n
4212,vaccine,n
4213,bonus,n
4214,collaboration,n
4215,mixed,j
4216,opposed,i
4217,orbit,n
4218,grasp,v
4219,patience,n
4220,spite,i
4221,tropical,j
4222,voting,n
4223,patrol,n
4224,willingness,n
4225,position,v
4226,revelation,n
4227,rent,n
4228,calm,v
4229,jewelry,n
4230,Cuban,j
4231,haul,v
4232,concede,v
4233,trace,n
4234,wagon,n
4235,afterward,r
4236,spectacular,j
4237,ruin,v
4238,sheer,j
4239,prior,j
4240,immune,j
4241,reliability,n
4242,ass,n
4243,alongside,i
4244,bush,n
4245,exotic,j
4246,fascinating,j
4247,secure,j
4248,clip,n
4249,thigh,n
4250,bull,n
4251,drawer,n
4252,regard,i
4253,sheep,n
4254,discourage,v
4255,coordinator,n
4256,ideological,j
4257,runner,n
4258,secular,j
4259,intimate,j
4260,empire,n
4261,cab,n
4262,divorce,v
4263,exam,n
4264,documentary,n
4265,neutral,j
4266,biology,n
4267,flexible,j
4268,progressive,j
4269,web,n
4270,conspiracy,n
4271,catch,n
4272,casualty,n
4273,republic,n
4274,execution,n
4275,terrific,j
4276,whale,n
4277,functional,j
4278,star,v
4279,draft,v
4280,instinct,n
4281,teammate,n
4282,aluminum,n
4283,whoever,p
4284,ministry,n
4285,verdict,n
4286,instruct,v
4287,skull,n
4288,self-esteem,n
4289,ease,n
4290,cooperative,j
4291,manipulate,v
4292,bee,n
4293,practitioner,n
4294,loop,n
4295,edit,v
4296,whip,v
4297,puzzle,n
4298,mushroom,n
4299,subsidy,n
4300,boil,v
4301,tragic,j
4302,mathematics,n
4303,mechanic,n
4304,jar,n
4305,respect,i
4306,earthquake,n
4307,pork,n
4308,creativity,n
4309,safely,r
4310,underlying,j
4311,dessert,n
4312,sympathy,n
4313,fisherman,n
4314,incredibly,r
4315,isolation,n
4316,sock,n
4317,near,r
4318,jump,n
4319,eleven,m
4320,sexy,j
4321,entrepreneur,n
4322,syndrome,n
4323,bureau,n
4324,seat,v
4325,workplace,n
4326,ambition,n
4327,touchdown,n
4328,utilize,v
4329,breeze,n
4330,costly,j
4331,ambitious,j
4332,Christianity,n
4333,presumably,r
4334,influential,j
4335,translation,n
4336,uncertain,j
4337,dissolve,v
4338,object,v
4339,statistical,j
4340,gut,n
4341,metropolitan,j
4342,rolling,j
4343,aesthetic,j
4344,spell,v
4345,insert,v
4346,booth,n
4347,helmet,n
4348,waist,n
4349,expected,j
4350,lion,n
4351,accomplishment,n
4352,royal,j
4353,panic,n
4354,cast,n
4355,crush,v
4356,actively,r
4357,cliff,n
4358,minimal,j
4359,cord,n
4360,fortunately,r
4361,cocaine,n
4362,illusion,n
4363,anonymous,j
4364,tolerate,v
4365,appreciation,n
4366,commissioner,n
4367,harm,v
4368,flexibility,n
4369,instructional,j
4370,scramble,v
4371,casino,n
4372,tumor,n
4373,decorate,v
4374,sort,v
4375,charge,i
4376,pulse,n
4377,equivalent,n
4378,fixed,j
4379,experienced,j
4380,donation,n
4381,diary,n
4382,sibling,n
4383,irony,n
4384,spoon,n
4385,midst,n
4386,alley,n
4387,upset,j
4388,interact,v
4389,soap,n
4390,cute,j
4391,rival,n
4392,short-term,j
4393,punch,v
4394,pin,n
4395,hockey,n
4396,passing,j
4397,persist,v
4398,supplier,n
4399,known,j
4400,momentum,n
4401,purse,n
4402,shed,v
4403,liquid,n
4404,icon,n
4405,elephant,n
4406,consequently,r
4407,legislature,n
4408,associate,n
4409,franchise,n
4410,correctly,r
4411,mentally,r
4412,foster,v
4413,bicycle,n
4414,encouraging,j
4415,cheat,v
4416,access,v
4417,heal,v
4418,fever,n
4419,filter,n
4420,rabbit,n
4421,coin,n
4422,exploit,v
4423,accessible,j
4424,organism,n
4425,sensation,n
4426,partially,r
4427,stay,n
4428,upstairs,r
4429,dried,j
4430,minimum,n
4431,pro,j
4432,conservation,n
4433,shove,v
4434,backyard,n
4435,charter,n
4436,stove,n
4437,consent,n
4438,comprise,v
4439,reminder,n
4440,alike,r
4441,placement,n
4442,dough,n
4443,grandchild,n
4444,dam,n
4445,reportedly,r
4446,well-known,j
4447,surrounding,j
4448,ecological,j
4449,outfit,n
4450,unprecedented,j
4451,columnist,n
4452,workout,n
4453,preliminary,j
4454,patent,n
4455,shy,j
4456,quote,n
4457,trash,n
4458,disabled,j
4459,gross,j
4460,damn,j
4461,hormone,n
4462,texture,n
4463,counter,v
4464,pencil,n
4465,associate,j
4466,frontier,n
4467,spray,n
4468,bet,n
4469,disclose,v
4470,custody,n
4471,banker,n
4472,beast,n
4473,interfere,v
4474,oak,n
4475,case,c
4476,eighth,m
4477,notebook,n
4478,outline,v
4479,gaze,v
4480,attendance,n
4481,speculation,n
4482,uncover,v
4483,behalf,i
4484,innovative,j
4485,shark,n
4486,reward,v
4487,mill,n
4488,installation,n
4489,stimulate,v
4490,tag,n
4491,vertical,j
4492,swimming,n
4493,fleet,n
4494,catalog,n
4495,outsider,n
4496,sacrifice,v
4497,desperately,r
4498,stance,n
4499,compel,v
4500,sensitivity,n
4501,someday,r
4502,instant,j
4503,debut,n
4504,proclaim,v
4505,worldwide,r
4506,hike,v
4507,required,j
4508,confrontation,n
4509,colorful,j
4510,ideal,n
4511,constitution,n
4512,trainer,n
4513,Thanksgiving,n
4514,scent,n
4515,stack,n
4516,eyebrow,n
4517,sack,n
4518,cease,v
4519,inherit,v
4520,tray,n
4521,pioneer,n
4522,organizational,j
4523,textbook,n
4524,uh,u
4525,nasty,j
4526,shrink,v
4527,model,v
4528,emerging,j
4529,dot,n
4530,wheat,n
4531,fierce,j
4532,envision,v
4533,rational,j
4534,kingdom,n
4535,aisle,n
4536,weaken,v
4537,protocol,n
4538,exclusively,r
4539,vocal,j
4540,marketplace,n
4541,openly,r
4542,unfair,j
4543,terrain,n
4544,deploy,v
4545,risky,j
4546,pasta,n
4547,genre,n
4548,distract,v
4549,merit,n
4550,planner,n
4551,depressed,j
4552,chunk,n
4553,closest,j
4554,discount,n
4555,no,d
4556,ladder,n
4557,jungle,n
4558,migration,n
4559,breathing,n
4560,invade,v
4561,hurricane,n
4562,retailer,n
4563,classify,v
4564,wound,v
4565,coup,n
4566,aid,v
4567,ambassador,n
4568,density,n
4569,supportive,j
4570,curiosity,n
4571,skip,v
4572,aggression,n
4573,stimulus,n
4574,journalism,n
4575,robot,n
4576,flood,v
4577,dip,v
4578,likewise,r
4579,informal,j
4580,Persian,j
4581,feather,n
4582,sphere,n
4583,tighten,v
4584,boast,v
4585,pat,v
4586,perceived,j
4587,sole,j
4588,publicity,n
4589,major,n
4590,unfold,v
4591,joke,v
4592,well-being,n
4593,validity,n
4594,ecosystem,n
4595,strictly,r
4596,partial,j
4597,collar,n
4598,weed,n
4599,compliance,n
4600,streak,n
4601,supposedly,r
4602,added,j
4603,builder,n
4604,glimpse,n
4605,premise,n
4606,specialty,n
4607,deem,v
4608,artifact,n
4609,sneak,v
4610,monkey,n
4611,mentor,n
4612,two-thirds,m
4613,listener,n
4614,lightning,n
4615,legally,r
4616,sleeve,n
4617,disappointment,n
4618,disturb,v
4619,rib,n
4620,excessive,j
4621,high-tech,j
4622,debris,n
4623,pile,v
4624,rod,n
4625,logical,j
4626,liberal,n
4627,ash,n
4628,socially,r
4629,parish,n
4630,slavery,n
4631,blank,j
4632,commodity,n
4633,cure,n
4634,mineral,n
4635,hunger,n
4636,dying,j
4637,developmental,j
4638,faster,j
4639,spare,v
4640,halfway,r
4641,cure,v
4642,equality,n
4643,cemetery,n
4644,harassment,n
4645,deliberately,r
4646,fame,n
4647,regret,v
4648,striking,j
4649,likelihood,n
4650,carrot,n
4651,atop,i
4652,toll,n
4653,rim,n
4654,embarrassed,j
4655,fucking,j
4656,cling,v
4657,isolated,j
4658,blink,v
4659,suspicious,j
4660,wheelchair,n
4661,squad,n
4662,eligible,j
4663,processor,n
4664,plunge,v
4665,this,r
4666,sponsor,n
4667,grin,n
4668,color,v
4669,demographic,j
4670,rain,v
4671,chill,n
4672,refuge,n
4673,steer,v
4674,legislator,n
4675,rally,n
4676,programming,n
4677,cheer,v
4678,outlet,n
4679,intact,j
4680,vendor,n
4681,thrive,v
4682,peanut,n
4683,chew,v
4684,elaborate,j
4685,intellectual,n
4686,conception,n
4687,auction,n
4688,steak,n
4689,comply,v
4690,triumph,n
4691,shareholder,n
4692,comparable,j
4693,transport,v
4694,conscience,n
4695,calculation,n
4696,considerably,r
4697,interval,n
4698,scratch,v
4699,awake,j
4700,jurisdiction,n
4701,inevitably,r
4702,feminist,j
4703,constraint,n
4704,emotionally,r
4705,expedition,n
4706,allegedly,r
4707,compromise,v
4708,strain,v
4709,similarity,n
4710,butt,n
4711,lid,n
4712,dumb,j
4713,bulk,n
4714,sprinkle,v
4715,mortality,n
4716,philosophical,j
4717,conversion,n
4718,patron,n
4719,municipal,j
4720,any,r
4721,liver,n
4722,harmony,n
4723,solely,r
4724,tolerance,n
4725,instant,n
4726,goat,n
4727,arm,v
4728,blessing,n
4729,banana,n
4730,running,n
4731,palace,n
4732,formerly,r
4733,peasant,n
4734,neat,j
4735,grandparent,n
4736,lawmaker,n
4737,supermarket,n
4738,cruise,n
4739,mobile,j
4740,plain,n
4741,part,i
4742,calendar,n
4743,widow,n
4744,deposit,n
4745,beard,n
4746,brake,n
4747,downtown,r
4748,screening,n
4749,impulse,n
4750,forbid,v
4751,fur,n
4752,brutal,j
4753,predator,n
4754,poke,v
4755,opt,v
4756,voluntary,j
4757,trouble,v
4758,valid,j
4759,forum,n
4760,dancing,n
4761,happily,r
4762,soar,v
4763,removal,n
4764,autonomy,n
4765,enact,v
4766,round,v
4767,thread,n
4768,light,i
4769,landmark,n
4770,unhappy,j
4771,offender,n
4772,coming,j
4773,privately,r
4774,fraction,n
4775,distinctive,j
4776,tourism,n
4777,threshold,n
4778,calm,j
4779,routinely,r
4780,suite,n
4781,remark,v
4782,regulator,n
4783,straw,n
4784,theological,j
4785,apart,i
4786,exhaust,v
4787,globe,n
4788,fragile,j
4789,objection,n
4790,chemistry,n
4791,old-fashioned,j
4792,crowded,j
4793,circle,v
4794,blast,n
4795,prevail,v
4796,overnight,r
4797,denial,n
4798,rental,n
4799,fantastic,j
4800,fragment,n
4801,level,j
4802,screw,v
4803,warmth,n
4804,undergraduate,n
4805,liquid,j
4806,headache,n
4807,policeman,n
4808,yield,n
4809,projection,n
4810,battle,v
4811,suitable,j
4812,mention,n
4813,graduation,n
4814,drill,v
4815,cruel,j
4816,mansion,n
4817,regard,n
4818,grape,n
4819,authorize,v
4820,cottage,n
4821,driveway,n
4822,charm,n
4823,sexuality,n
4824,loyal,j
4825,clay,n
4826,pound,v
4827,balloon,n
4828,invention,n
4829,ego,n
4830,fare,n
4831,homework,n
4832,disc,n
4833,sofa,n
4834,guarantee,n
4835,availability,n
4836,radar,n
4837,frown,v
4838,regain,v
4839,leave,n
4840,permit,n
4841,sweater,n
4842,rehabilitation,n
4843,rubber,j
4844,retreat,n
4845,molecule,n
4846,freely,r
4847,favorable,j
4848,steadily,r
4849,veteran,j
4850,integrated,j
4851,ha,u
4852,youngster,n
4853,broadcast,v
4854,premium,n
4855,accountability,n
4856,overwhelm,v
4857,one-third,m
4858,contemplate,v
4859,update,v
4860,spark,v
4861,ironically,r
4862,fatigue,n
4863,beyond,r
4864,speculate,v
4865,marker,n
4866,low,r
4867,preach,v
4868,bucket,n
4869,bomb,v
4870,blond,j
4871,confession,n
4872,provoke,v
4873,marble,n
4874,substantially,r
4875,twist,n
4876,defender,n
4877,fish,v
4878,explicit,j
4879,transport,n
4880,disturbing,j
4881,surveillance,n
4882,magnetic,j
4883,technician,n
4884,mutter,v
4885,devastating,j
4886,depart,v
4887,arrow,n
4888,trauma,n
4889,neighboring,j
4890,soak,v
4891,ribbon,n
4892,meantime,n
4893,transmit,v
4894,screen,v
4895,harvest,n
4896,consecutive,j
4897,republican,j
4898,coordinate,v
4899,worldwide,j
4900,within,r
4901,spy,n
4902,slot,n
4903,riot,n
4904,nutrient,n
4905,citizenship,n
4906,severely,r
4907,sovereignty,n
4908,ridge,n
4909,brave,j
4910,lighting,n
4911,specify,v
4912,contributor,n
4913,frustrate,v
4914,crowd,v
4915,articulate,v
4916,importantly,r
4917,transit,n
4918,dense,j
4919,seminar,n
4920,electronics,n
4921,sunny,j
4922,shorts,n
4923,swell,v
4924,accusation,n
4925,soften,v
4926,photograph,v
4927,straighten,v
4928,terribly,r
4929,cue,n
4930,sudden,r
4931,bride,n
4932,biography,n
4933,hazard,n
4934,compelling,j
4935,seldom,r
4936,tile,n
4937,economically,r
4938,honestly,r
4939,troubled,j
4940,bow,v
4941,twentieth,m
4942,balanced,j
4943,foreigner,n
4944,launch,n
4945,convenience,n
4946,delight,n
4947,weave,v
4948,timber,n
4949,till,c
4950,accurately,r
4951,plea,n
4952,bulb,n
4953,copy,v
4954,flying,j
4955,sustainable,j
4956,devil,n
4957,bolt,n
4958,cargo,n
4959,spine,n
4960,seller,n
4961,skilled,j
4962,managing,j
4963,public,r
4964,marine,j
4965,dock,n
4966,organized,j
4967,fog,n
4968,diplomat,n
4969,boring,j
4970,sometime,r
4971,summary,n
4972,missionary,n
4973,epidemic,n
4974,fatal,j
4975,trim,v
4976,warehouse,n
4977,accelerate,v
4978,butterfly,n
4979,bronze,n
4980,drown,v
4981,inherent,j
4982,praise,n
4983,nationwide,r
4984,spit,v
4985,harvest,v
4986,kneel,v
4987,vacuum,n
4988,selected,j
4989,dictate,v
4990,stereotype,n
4991,sensor,n
4992,laundry,n
4993,manual,n
4994,pistol,n
4995,naval,j
4996,plaintiff,n
4997,kid,v
4998,middle-class,j
4999,apology,n
5000,till,i
